<?xml version="1.0" encoding="UTF-8"?>
<project-private xmlns="http://www.netbeans.org/ns/project-private/1">
    <editor-bookmarks xmlns="http://www.netbeans.org/ns/editor-bookmarks/2" lastBookmarkId="0"/>
    <open-files xmlns="http://www.netbeans.org/ns/projectui-open-files/2">
        <group>
            <file>file:/D:/TE/TE%20sem-1/Lab/SDL/Asgn4/a4/src/a4/Client.java</file>
            <file>file:/D:/TE/TE%20sem-1/Lab/SDL/Asgn4/a4/src/a4/PrjCreate.java</file>
            <file>file:/D:/TE/TE%20sem-1/Lab/SDL/Asgn4/a4/src/a4/SignUp.java</file>
            <file>file:/D:/TE/TE%20sem-1/Lab/SDL/Asgn4/a4/src/a4/ask.java</file>
            <file>file:/D:/TE/TE%20sem-1/Lab/SDL/Asgn4/a4/src/a4/Main.java</file>
            <file>file:/D:/TE/TE%20sem-1/Lab/SDL/Asgn4/a4/src/a4/admin.java</file>
            <file>file:/D:/TE/TE%20sem-1/Lab/SDL/Asgn4/a4/src/a4/MainPrj.java</file>
            <file>file:/D:/TE/TE%20sem-1/Lab/SDL/Asgn4/a4/src/a4/Server.java</file>
            <file>file:/D:/TE/TE%20sem-1/Lab/SDL/Asgn4/a4/src/a4/UpdateDeadline.java</file>
            <file>file:/D:/TE/TE%20sem-1/Lab/SDL/Asgn4/a4/src/a4/DeletePrj.java</file>
            <file>file:/D:/TE/TE%20sem-1/Lab/SDL/Asgn4/a4/src/a4/RemoveEmp.java</file>
            <file>file:/D:/TE/TE%20sem-1/Lab/SDL/Asgn4/a4/src/a4/login.java</file>
        </group>
    </open-files>
</project-private>
