<?xml version="1.0" encoding="UTF-8"?>
<project-private xmlns="http://www.netbeans.org/ns/project-private/1">
    <editor-bookmarks xmlns="http://www.netbeans.org/ns/editor-bookmarks/2" lastBookmarkId="0"/>
    <open-files xmlns="http://www.netbeans.org/ns/projectui-open-files/2">
        <group>
            <file>file:/D:/TE/TE%20sem-1/SDL/Asgn2/Socket/src/socket/Server.java</file>
            <file>file:/D:/TE/TE%20sem-1/SDL/Asgn2/Socket/src/socket/Project.java</file>
            <file>file:/D:/TE/TE%20sem-1/SDL/Asgn2/Socket/src/socket/Client.java</file>
            <file>file:/D:/TE/TE%20sem-1/SDL/Asgn2/Socket/src/socket/Combine.java</file>
            <file>file:/D:/TE/TE%20sem-1/SDL/Asgn2/Socket/src/socket/Employee.java</file>
        </group>
    </open-files>
</project-private>
